{
    "loss": 14.134963989257812,
    "accuracy": 0.48201438784599304
}